{
    "A": {
        "precision": 0.8421940928270042,
        "recall": 0.8316666666666667,
        "f1-score": 0.8368972746331237,
        "support": 1200.0
    },
    "B": {
        "precision": 0.7766990291262136,
        "recall": 0.9333333333333333,
        "f1-score": 0.8478425435276306,
        "support": 1200.0
    },
    "C": {
        "precision": 0.9497206703910615,
        "recall": 0.85,
        "f1-score": 0.8970976253298153,
        "support": 1200.0
    },
    "D": {
        "precision": 0.986409966024915,
        "recall": 0.7258333333333333,
        "f1-score": 0.8362938070091215,
        "support": 1200.0
    },
    "E": {
        "precision": 0.9,
        "recall": 0.7425,
        "f1-score": 0.8136986301369863,
        "support": 1200.0
    },
    "F": {
        "precision": 0.9518413597733711,
        "recall": 0.84,
        "f1-score": 0.8924302788844621,
        "support": 1200.0
    },
    "G": {
        "precision": 0.7145643693107933,
        "recall": 0.9158333333333334,
        "f1-score": 0.8027757487216947,
        "support": 1200.0
    },
    "H": {
        "precision": 0.8733870967741936,
        "recall": 0.9025,
        "f1-score": 0.8877049180327868,
        "support": 1200.0
    },
    "I": {
        "precision": 0.8368320610687023,
        "recall": 0.7308333333333333,
        "f1-score": 0.7802491103202847,
        "support": 1200.0
    },
    "J": {
        "precision": 0.9603698811096433,
        "recall": 0.6058333333333333,
        "f1-score": 0.742973939703628,
        "support": 1200.0
    },
    "K": {
        "precision": 0.7783417935702199,
        "recall": 0.7666666666666667,
        "f1-score": 0.7724601175482787,
        "support": 1200.0
    },
    "L": {
        "precision": 0.971655328798186,
        "recall": 0.7141666666666666,
        "f1-score": 0.8232468780019212,
        "support": 1200.0
    },
    "M": {
        "precision": 0.7357310398749023,
        "recall": 0.7841666666666667,
        "f1-score": 0.7591770875352964,
        "support": 1200.0
    },
    "N": {
        "precision": 0.7167505391804457,
        "recall": 0.8308333333333333,
        "f1-score": 0.7695870320339637,
        "support": 1200.0
    },
    "O": {
        "precision": 0.8248017303532804,
        "recall": 0.9533333333333334,
        "f1-score": 0.8844221105527639,
        "support": 1200.0
    },
    "P": {
        "precision": 0.9444444444444444,
        "recall": 0.8358333333333333,
        "f1-score": 0.8868258178603006,
        "support": 1200.0
    },
    "Q": {
        "precision": 0.9432943294329433,
        "recall": 0.8733333333333333,
        "f1-score": 0.906966681090437,
        "support": 1200.0
    },
    "R": {
        "precision": 0.8786919831223629,
        "recall": 0.6941666666666667,
        "f1-score": 0.7756052141527002,
        "support": 1200.0
    },
    "S": {
        "precision": 0.7623762376237624,
        "recall": 0.77,
        "f1-score": 0.7661691542288557,
        "support": 1200.0
    },
    "T": {
        "precision": 0.8389513108614233,
        "recall": 0.56,
        "f1-score": 0.671664167916042,
        "support": 1200.0
    },
    "U": {
        "precision": 0.787321063394683,
        "recall": 0.6416666666666667,
        "f1-score": 0.7070707070707071,
        "support": 1200.0
    },
    "V": {
        "precision": 0.7279521674140508,
        "recall": 0.8116666666666666,
        "f1-score": 0.7675334909377463,
        "support": 1200.0
    },
    "W": {
        "precision": 0.8243021346469622,
        "recall": 0.8366666666666667,
        "f1-score": 0.8304383788254756,
        "support": 1200.0
    },
    "X": {
        "precision": 0.4784348599377501,
        "recall": 0.8966666666666666,
        "f1-score": 0.6239489707161496,
        "support": 1200.0
    },
    "Y": {
        "precision": 0.654524089306698,
        "recall": 0.9283333333333333,
        "f1-score": 0.7677463818056512,
        "support": 1200.0
    },
    "Z": {
        "precision": 0.7903357903357904,
        "recall": 0.8041666666666667,
        "f1-score": 0.7971912432878976,
        "support": 1200.0
    },
    "nothing": {
        "precision": 0.9762878168438267,
        "recall": 0.995,
        "f1-score": 0.9855550969872059,
        "support": 1200.0
    },
    "accuracy": 0.8064814814814815,
    "macro avg": {
        "precision": 0.83060056242769,
        "recall": 0.8064814814814816,
        "f1-score": 0.8086508298833677,
        "support": 32400.0
    },
    "weighted avg": {
        "precision": 0.8306005624276899,
        "recall": 0.8064814814814815,
        "f1-score": 0.8086508298833677,
        "support": 32400.0
    }
}