{
    "A": {
        "precision": 1.0,
        "recall": 1.0,
        "f1-score": 1.0,
        "support": 1200.0
    },
    "B": {
        "precision": 0.9991666666666666,
        "recall": 0.9991666666666666,
        "f1-score": 0.9991666666666666,
        "support": 1200.0
    },
    "C": {
        "precision": 1.0,
        "recall": 1.0,
        "f1-score": 1.0,
        "support": 1200.0
    },
    "D": {
        "precision": 0.9991659716430359,
        "recall": 0.9983333333333333,
        "f1-score": 0.9987494789495623,
        "support": 1200.0
    },
    "E": {
        "precision": 1.0,
        "recall": 1.0,
        "f1-score": 1.0,
        "support": 1200.0
    },
    "F": {
        "precision": 0.9991666666666666,
        "recall": 0.9991666666666666,
        "f1-score": 0.9991666666666666,
        "support": 1200.0
    },
    "G": {
        "precision": 0.9991645781119465,
        "recall": 0.9966666666666667,
        "f1-score": 0.9979140592407175,
        "support": 1200.0
    },
    "H": {
        "precision": 0.9991659716430359,
        "recall": 0.9983333333333333,
        "f1-score": 0.9987494789495623,
        "support": 1200.0
    },
    "I": {
        "precision": 0.9991666666666666,
        "recall": 0.9991666666666666,
        "f1-score": 0.9991666666666666,
        "support": 1200.0
    },
    "J": {
        "precision": 0.9966749792186201,
        "recall": 0.9991666666666666,
        "f1-score": 0.997919267582189,
        "support": 1200.0
    },
    "K": {
        "precision": 0.9975062344139651,
        "recall": 1.0,
        "f1-score": 0.9987515605493134,
        "support": 1200.0
    },
    "L": {
        "precision": 1.0,
        "recall": 0.9958333333333333,
        "f1-score": 0.9979123173277662,
        "support": 1200.0
    },
    "M": {
        "precision": 0.9983277591973244,
        "recall": 0.995,
        "f1-score": 0.996661101836394,
        "support": 1200.0
    },
    "N": {
        "precision": 0.9950207468879668,
        "recall": 0.9991666666666666,
        "f1-score": 0.9970893970893971,
        "support": 1200.0
    },
    "O": {
        "precision": 0.9991673605328892,
        "recall": 1.0,
        "f1-score": 0.9995835068721366,
        "support": 1200.0
    },
    "P": {
        "precision": 1.0,
        "recall": 1.0,
        "f1-score": 1.0,
        "support": 1200.0
    },
    "Q": {
        "precision": 1.0,
        "recall": 0.9991666666666666,
        "f1-score": 0.9995831596498541,
        "support": 1200.0
    },
    "R": {
        "precision": 0.9991659716430359,
        "recall": 0.9983333333333333,
        "f1-score": 0.9987494789495623,
        "support": 1200.0
    },
    "S": {
        "precision": 0.9991659716430359,
        "recall": 0.9983333333333333,
        "f1-score": 0.9987494789495623,
        "support": 1200.0
    },
    "T": {
        "precision": 0.9942004971002486,
        "recall": 1.0,
        "f1-score": 0.9970918155380141,
        "support": 1200.0
    },
    "U": {
        "precision": 1.0,
        "recall": 0.9991666666666666,
        "f1-score": 0.9995831596498541,
        "support": 1200.0
    },
    "V": {
        "precision": 1.0,
        "recall": 0.9991666666666666,
        "f1-score": 0.9995831596498541,
        "support": 1200.0
    },
    "W": {
        "precision": 0.9975062344139651,
        "recall": 1.0,
        "f1-score": 0.9987515605493134,
        "support": 1200.0
    },
    "X": {
        "precision": 1.0,
        "recall": 0.9975,
        "f1-score": 0.9987484355444305,
        "support": 1200.0
    },
    "Y": {
        "precision": 1.0,
        "recall": 1.0,
        "f1-score": 1.0,
        "support": 1200.0
    },
    "Z": {
        "precision": 1.0,
        "recall": 1.0,
        "f1-score": 1.0,
        "support": 1200.0
    },
    "nothing": {
        "precision": 0.9991666666666666,
        "recall": 0.9991666666666666,
        "f1-score": 0.9991666666666666,
        "support": 1200.0
    },
    "accuracy": 0.9989197530864198,
    "macro avg": {
        "precision": 0.9989221830783607,
        "recall": 0.9989197530864197,
        "f1-score": 0.9989198919831167,
        "support": 32400.0
    },
    "weighted avg": {
        "precision": 0.9989221830783606,
        "recall": 0.9989197530864198,
        "f1-score": 0.9989198919831167,
        "support": 32400.0
    }
}